participant_number,group,cq_1_h,cq_2_s_f,tn_products,n_categories,k_p_1,k_p_2,k_p_3,k_p_4,k_p_5,k_p_6,k_p_7,k_p_8,t_t_condition,t_t_A_1,t_t_A_2,t_t_A_3,t_t_A_4,t_t_A_5,t_t_A_w_p,t_t_B_1,t_t_B_2,t_t_B_3,t_t_B_4,t_t_B_5,t_t_B_w_p,t_t_d,m_q_1,m_q_2,s_s_d,s_t_d,gender,age,f_o_s,n_o_t,n_l,m_k,filter,distance_MC,kimchi_glob1,kimchi_glob2,kimchi_glob3,kimchi_glob4,kimchi_glob5,kimchi_glob6,kimchi_glob7,kimchi_glob8,kimchi_sum,toaster_a_evaluation,toaster_b_evaluation,toaster_diff_WTP,toaster45_rating1,toaster25_rating1,toaster45_rating2,toaster45_rating3,toaster45_rating4,toaster45_rating5,toaster25_rating2,toaster25_rating3,toaster25_rating4,toaster25_rating5,toaster45_mean,toaster25_mean,toaster_45_wtp,toaster_25_wtp,choice_toaster,diff_toaster
1,1,1,6,7,8,1,1,1,1,1,1,1,1,2,4,4,5,5,5,15,4,3,5,5,4,15,1,6,3,2,2,1,23,1,6,1,1,1,2,1,1,1,1,1,1,1,1,8,4.6,4.2,0,4,4,3,5,5,4,4,5,5,5,4.2,4.6,15,15,2,-0.4
2,1,1,4,7,8,2,1,1,1,1,1,2,1,3,6,6,5,6,5,30,2,1,1,1,2,19,1,6,3,2,1,2,23,1,4,1,2,1,1.5,0,1,1,1,1,1,0,1,6,5.6,1.4,11,6,2,6,5,6,5,1,1,1,2,5.6,1.4,30,19,1,4.2
3,5,4,7,10,7,1,1,1,1,1,1,1,1,2,4,2,2,2,3,20,6,6,6,5,6,30,2,6,5,4,4,2,29,1,2,2,1,1,4,1,1,1,1,1,1,1,1,8,2.6,5.8,10,6,4,6,6,5,6,2,2,2,3,5.8,2.6,30,20,1,3.2
4,1,1,4,20,9,2,2,2,2,1,1,1,1,2,6,5,6,6,5,30,5,4,5,5,4,20,1,5,3,4,1,2,23,1,8,1,2,1,2.5,0,0,0,0,1,1,1,1,4,5.6,4.6,-10,5,6,4,5,5,4,5,6,6,5,4.6,5.6,20,30,2,-1
5,5,1,2,9,6,1,2,1,1,1,1,1,1,3,5,4,5,4,4,666,2,3,3,3,3,7,1,5,3,4,4,2,25,1,2,1,2,1,4,1,0,1,1,1,1,1,1,7,4.4,2.8,,5,2,4,5,4,4,3,3,3,3,4.4,2.8,,7,1,1.6
6,2,5,6,7,9,1,1,1,1,1,1,1,1,4,6,5,4,5,5,30,4,3,4,4,4,20,1,5,3,2,4,2,20,1,4,1,2,1,3,1,1,1,1,1,1,1,1,8,5,3.8,10,6,4,5,4,5,5,3,4,4,4,5,3.8,30,20,1,1.2
7,5,5,5,7,7,1,1,1,1,1,1,1,1,2,2,2,2,2,3,30,5,6,4,4,5,50,2,5,5,4,4,2,22,1,6,1,2,1,4,1,1,1,1,1,1,1,1,8,2.2,4.8,20,5,2,6,4,4,5,2,2,2,3,4.8,2.2,50,30,1,2.6
8,3,1,4,10,8,1,1,1,1,1,1,1,1,2,6,4,4,4,4,35,6,3,3,3,3,28,1,7,2,3,3,2,20,1,4,1,1,1,3,1,1,1,1,1,1,1,1,8,4.4,3.6,-7,6,6,3,3,3,3,4,4,4,4,3.6,4.4,28,35,2,-0.8
9,1,6,5,6,7,1,2,1,1,1,1,1,1,1,6,5,5,5,4,60,3,4,4,4,3,30,1,5,2,4,4,2,21,1,3,1,1,1,4,1,0,1,1,1,1,1,1,7,5,3.6,-30,3,6,4,4,4,3,5,5,5,4,3.6,5,30,60,2,-1.4
10,4,2,2,4,6,1,1,2,1,1,1,1,1,2,4,4,5,3,5,666,5,5,5,4,6,40,2,6,2,2,6,1,22,1,4,1,2,1,4,1,1,0,1,1,1,1,1,7,4.2,5,,5,4,5,5,4,6,4,5,3,5,5,4.2,40,,1,0.8
11,2,5,5,6,4,1,1,1,1,1,1,1,1,4,3,2,3,2,2,30,4,4,5,4,5,40,2,5,3,3,2,2,22,1,4,1,2,1,2.5,1,1,1,1,1,1,1,1,8,2.4,4.4,-10,3,4,2,3,2,2,4,5,4,5,2.4,4.4,30,40,2,-2
12,3,2,5,13,6,1,1,1,1,1,1,1,1,1,5,7,7,5,6,20,5,3,4,2,3,15,1,5,3,2,3,2,20,1,4,1,1,1,2.5,1,1,1,1,1,1,1,1,8,6,3.4,-5,5,5,3,4,2,3,7,7,5,6,3.4,6,15,20,2,-2.6
13,3,3,5,14,8,1,1,1,1,1,1,1,1,1,4,6,5,4,6,15,4,2,3,3,4,0,1,4,4,2,4,2,23,1,6,1,1,1,3,1,1,1,1,1,1,1,1,8,5,3.2,-15,4,4,2,3,3,4,6,5,4,6,3.2,5,0,15,2,-1.8
14,5,1,4,13,8,1,1,1,1,1,1,1,1,4,1,1,1,1,1,10,4,5,6,6,7,20,2,3,4,2,2,2,22,1,4,1,2,0,2,1,1,1,1,1,1,1,1,8,1,5.6,-10,1,4,1,1,1,1,5,6,6,7,1,5.6,10,20,2,-4.6
15,4,4,6,12,7,1,1,1,1,1,1,1,1,2,6,5,5,5,6,25,4,4,3,3,4,15,1,6,2,2,2,1,21,1,6,1,1,1,2,1,1,1,1,1,1,1,1,8,5.4,3.6,-10,4,6,4,3,3,4,5,5,5,6,3.6,5.4,15,25,2,-1.8
16,5,1,5,12,6,2,2,2,2,2,2,2,2,2,3,2,2,2,3,10,5,6,6,6,6,20,2,7,2,1,4,1,20,1,2,1,2,0,2.5,0,0,0,0,0,0,0,0,0,2.4,5.8,10,5,3,6,6,6,6,2,2,2,3,5.8,2.4,20,10,1,3.4
17,1,2,3,13,8,2,2,2,1,1,1,1,1,1,2,3,2,3,2,5,4,5,5,4,6,15,2,6,6,2,3,1,22,1,2,1,2,1,2.5,0,0,0,1,1,1,1,1,5,2.4,4.8,10,4,2,5,5,4,6,3,2,3,2,4.8,2.4,15,5,1,2.4
18,1,5,6,12,8,1,2,1,1,1,1,1,1,4,5,5,4,4,5,50,3,1,6,6,2,5,1,6,2,5,4,1,28,1,7,1,1,1,4.5,1,0,1,1,1,1,1,1,7,4.6,3.6,45,5,3,5,4,4,5,1,6,6,2,4.6,3.6,50,5,1,1
19,4,1,4,16,8,1,1,1,1,1,1,1,1,4,4,4,5,3,4,30,5,5,5,4,4,40,1,6,3,4,4,2,20,1,4,1,1,1,4,1,1,1,1,1,1,1,1,8,4,4.6,-10,4,5,4,5,3,4,5,5,4,4,4,4.6,30,40,1,-0.6
20,3,1,7,10,9,1,1,1,1,1,1,1,1,3,1,2,2,2,4,20,4,5,4,4,5,25,2,3,4,1,1,2,21,1,6,1,1,1,1,1,1,1,1,1,1,1,1,8,2.2,4.4,-5,1,4,2,2,2,4,5,4,4,5,2.2,4.4,20,25,2,-2.2
21,4,1,6,13,8,1,2,2,1,1,1,1,1,3,6,5,6,6,6,30,3,3,2,2,3,10,1,7,1,6,6,2,28,2,6,1,2,1,6,1,0,0,1,1,1,1,1,6,5.8,2.6,20,6,3,5,6,6,6,3,2,2,3,5.8,2.6,30,10,1,3.2
22,4,3,6,14,7,1,1,2,1,1,1,2,1,3,2,2,2,2,3,666,5,5,5,5,4,15,2,4,5,4,4,1,23,1,6,1,2,1,4,1,1,0,1,1,1,0,1,6,2.2,4.8,,2,5,2,2,2,3,5,5,5,4,2.2,4.8,,15,2,-2.6
23,3,6,4,9,8,1,1,1,1,1,1,1,1,2,5,6,6,5,4,30,5,5,6,6,5,30,2,3,4,2,1,2,21,1,4,1,1,1,1.5,1,1,1,1,1,1,1,1,8,5.2,5.4,0,5,5,5,6,6,5,6,6,5,4,5.4,5.2,30,30,1,0.2
24,4,2,6,11,7,1,1,1,1,1,1,1,1,2,6,6,5,5,5,20,1,1,3,3,3,10,1,6,2,4,6,2,21,1,6,1,2,1,5,1,1,1,1,1,1,1,1,8,5.4,2.2,-10,1,6,1,3,3,3,6,5,5,5,2.2,5.4,10,20,2,-3.2
25,3,1,4,13,9,1,1,1,2,1,1,1,1,1,5,3,5,4,4,20,5,5,3,3,5,20,2,6,2,2,2,2,21,1,4,1,2,1,2,1,1,1,0,1,1,1,1,7,4.2,4.2,0,5,5,5,3,3,5,3,5,4,4,4.2,4.2,20,20,1,0
26,4,3,5,9,8,1,1,1,1,1,1,1,1,4,6,6,6,6,6,50,5,4,4,3,4,30,1,6,2,4,4,2,21,1,4,1,2,1,4,1,1,1,1,1,1,1,1,8,6,4,20,6,5,6,6,6,6,4,4,3,4,6,4,50,30,1,2
27,1,2,5,22,10,1,1,1,1,1,1,1,1,2,5,5,5,5,5,40,4,4,4,4,4,30,1,6,2,4,5,2,21,1,6,1,2,1,4.5,1,1,1,1,1,1,1,1,8,5,4,-10,4,5,4,4,4,4,5,5,5,5,4,5,30,40,2,-1
28,3,6,6,9,7,2,1,2,1,1,2,1,1,4,6,5,5,5,6,666,2,2,3,3,2,12,1,7,1,2,4,2,21,1,4,1,2,1,3,0,1,0,1,1,0,1,1,5,5.4,2.4,,6,2,5,5,5,6,2,3,3,2,5.4,2.4,,12,1,3
29,1,1,5,25,12,2,2,1,1,2,1,1,1,2,6,5,5,5,5,35,3,3,3,3,3,12.99,1,6,6,2,2,2,25,1,8,1,2,1,2,0,0,1,1,0,1,1,1,5,5.2,3,-22.01,3,6,3,3,3,3,5,5,5,5,3,5.2,12.99,35,2,-2.2
30,1,1,5,9,7,2,2,2,1,2,2,2,1,1,7,7,5,5,6,20,1,1,4,3,4,8,1,7,2,3,4,2,20,1,4,1,2,1,3.5,0,0,0,1,0,0,0,1,2,6,2.6,-12,1,7,1,4,3,4,7,5,5,6,2.6,6,8,20,2,-3.4
31,3,3,4,4,8,1,1,1,1,1,2,1,2,4,6,5,6,2,5,25,2,2,3,2,2,15,1,3,2,1,1,2,23,1,6,1,2,1,1,1,1,1,1,1,0,1,0,6,4.8,2.2,10,6,2,5,6,2,5,2,3,2,2,4.8,2.2,25,15,1,2.6
32,5,6,5,10,8,1,1,1,1,1,1,1,1,2,2,2,2,1,2,20,5,4,4,3,4,35,2,6,3,3,3,2,24,1,6,1,2,1,3,1,1,1,1,1,1,1,1,8,1.8,4,15,5,2,4,4,3,4,2,2,1,2,4,1.8,35,20,1,2.2
33,5,6,5,9,8,1,1,1,1,1,1,1,1,4,5,5,4,4,5,25,4,3,3,3,4,20,1,6,2,6,6,2,22,1,6,1,1,1,6,1,1,1,1,1,1,1,1,8,4.6,3.4,5,5,4,5,4,4,5,3,3,3,4,4.6,3.4,25,20,1,1.2
34,2,5,6,9,8,1,1,1,1,1,1,1,1,4,5,3,4,4,3,10,6,5,4,4,4,10,2,7,3,5,4,2,23,1,4,1,2,1,4.5,1,1,1,1,1,1,1,1,8,3.8,4.6,0,5,6,3,4,4,3,5,4,4,4,3.8,4.6,10,10,2,-0.8
35,5,5,6,7,7,1,1,1,1,1,1,1,1,4,5,4,5,3,5,25,3,2,3,3,2,15,1,5,2,5,6,1,22,1,4,1,2,1,5.5,1,1,1,1,1,1,1,1,8,4.4,2.6,10,5,3,4,5,3,5,2,3,3,2,4.4,2.6,25,15,1,1.8
36,2,5,5,9,9,1,1,1,1,1,1,1,1,4,3,1,4,4,3,12.99,6,7,7,7,7,16.99,2,7,1,1,1,2,21,1,4,1,2,1,1,1,1,1,1,1,1,1,1,8,3,6.8,-4,3,6,1,4,4,3,7,7,7,7,3,6.8,12.99,16.99,2,-3.8
37,1,1,3,5,8,1,2,1,2,1,2,1,2,3,1,1,1,1,2,10,3,4,4,3,5,40,2,4,3,2,4,2,20,1,4,1,2,1,3,1,0,1,0,1,0,1,0,4,1.2,3.8,-30,1,3,1,1,1,2,4,4,3,5,1.2,3.8,10,40,2,-2.6
38,1,7,5,17,10,1,2,1,1,1,1,1,1,1,4,3,5,6,4,25,6,6,7,7,6,39,2,5,3,3,4,2,24,1,6,2,2,1,3.5,1,0,1,1,1,1,1,1,7,4.4,6.4,14,6,4,6,7,7,6,3,5,6,4,6.4,4.4,39,25,1,2
39,2,1,6,10,6,1,1,1,1,1,1,1,1,2,4,6,5,7,6,15,4,2,6,7,6,10,1,6,1,2,2,1,19,1,2,1,1,1,2,1,1,1,1,1,1,1,1,8,5.6,5,-5,4,4,2,6,7,6,6,5,7,6,5,5.6,10,15,2,-0.6
40,4,1,6,11,7,1,2,1,1,1,1,1,1,2,2,3,3,3,3,15,6,6,6,6,6,19.95,2,6,6,4,4,1,22,1,2,1,2,1,4,1,0,1,1,1,1,1,1,7,2.8,6,4.95,6,2,6,6,6,6,3,3,3,3,6,2.8,19.95,15,1,3.2
41,2,4,5,14,7,1,1,1,1,1,1,2,1,3,6,6,6,5,6,30,3,3,2,3,2,17.5,1,7,2,2,2,2,22,1,6,1,2,1,2,1,1,1,1,1,1,0,1,7,5.8,2.6,12.5,6,3,6,6,5,6,3,2,3,2,5.8,2.6,30,17.5,1,3.2
42,2,2,3,6,7,1,1,1,1,1,1,1,1,3,6,5,4,4,4,20,2,2,5,5,2,15,1,3,2,3,2,2,17,3,0,1,2,1,2.5,1,1,1,1,1,1,1,1,8,4.6,3.2,5,6,2,5,4,4,4,2,5,5,2,4.6,3.2,20,15,1,1.4
43,5,4,6,15,7,1,1,1,1,1,1,1,1,1,3,2,2,2,2,15,6,6,6,6,6,30,2,7,1,2,3,1,22,1,6,1,1,1,2.5,1,1,1,1,1,1,1,1,8,2.2,6,15,6,3,6,6,6,6,2,2,2,2,6,2.2,30,15,1,3.8
44,1,2,4,11,7,1,1,2,1,1,1,2,1,4,6,6,5,4,5,666,3,2,2,2,3,19,1,6,3,2,2,1,21,1,4,1,2,1,2,1,1,0,1,1,1,0,1,6,5.2,2.4,,6,3,6,5,4,5,2,2,2,3,5.2,2.4,,19,1,2.8
45,2,5,7,10,7,1,1,2,1,1,1,1,1,1,5,3,6,7,4,20,6,5,3,3,5,35,2,6,3,1,3,2,21,1,2,1,2,1,2,1,1,0,1,1,1,1,1,7,5,4.4,15,6,5,5,3,3,5,3,6,7,4,4.4,5,35,20,1,-0.6
46,2,3,7,6,6,1,1,1,1,1,1,1,1,2,5,3,3,3,3,20,5,7,5,6,6,40,2,5,4,2,2,2,22,1,7,1,1,1,2,1,1,1,1,1,1,1,1,8,3.4,5.8,20,5,5,7,5,6,6,3,3,3,3,5.8,3.4,40,20,1,2.4
47,3,2,6,6,6,1,1,1,1,1,1,1,1,3,7,7,7,7,6,15,3,3,3,3,3,10,1,6,2,6,1,2,24,1,6,1,1,1,3.5,1,1,1,1,1,1,1,1,8,6.8,3,5,7,3,7,7,7,6,3,3,3,3,6.8,3,15,10,1,3.8
48,3,1,2,11,8,2,2,2,1,1,1,1,1,2,5,5,5,4,5,30,5,5,6,5,4,25,1,6,2,2,4,2,17,3,0,1,1,1,3,0,0,0,1,1,1,1,1,5,4.8,5,-5,5,5,5,6,5,4,5,5,4,5,5,4.8,25,30,2,0.2
49,3,5,7,13,4,1,2,2,1,1,1,1,1,2,6,5,4,6,6,30,2,1,1,2,3,15,1,6,6,1,2,2,22,1,7,1,2,1,1.5,1,0,0,1,1,1,1,1,6,5.4,1.8,-15,2,6,1,1,2,3,5,4,6,6,1.8,5.4,15,30,2,-3.6
50,4,5,6,8,8,1,1,1,1,1,1,1,1,1,3,2,2,2,3,15,6,5,5,5,5,20,2,6,3,2,3,2,34,1,4,1,1,1,2.5,1,1,1,1,1,1,1,1,8,2.4,5.2,5,6,3,5,5,5,5,2,2,2,3,5.2,2.4,20,15,1,2.8
51,1,,,,6,1,1,1,1,1,1,1,1,4,3,5,5,5,6,666,2,3,3,2,3,15,1,5,3,1,1,1,21,1,4,1,2,1,1,1,1,1,1,1,1,1,1,8,4.8,2.6,,3,2,5,5,5,6,3,3,2,3,4.8,2.6,,15,1,2.2
52,1,3,4,11,7,1,1,1,1,1,1,1,1,3,5,4,4,3,4,30,3,4,4,4,4,20,1,6,5,4,1,2,19,1,2,1,2,1,2.5,1,1,1,1,1,1,1,1,8,4,3.8,10,5,3,4,4,3,4,4,4,4,4,4,3.8,30,20,1,0.2
53,2,2,6,11,6,1,2,1,1,1,2,2,1,1,7,6,6,6,6,20,4,5,4,6,5,15,1,3,5,1,2,2,21,1,2,1,2,1,1.5,1,0,1,1,1,0,0,1,5,6.2,4.8,-5,4,7,5,4,6,5,6,6,6,6,4.8,6.2,15,20,2,-1.4
54,5,1,6,6,6,1,1,1,1,1,1,1,1,4,7,6,6,6,6,24.9,3,3,3,3,3,19.9,1,6,2,5,2,2,22,1,4,1,1,1,3.5,1,1,1,1,1,1,1,1,8,6.2,3,5,7,3,6,6,6,6,3,3,3,3,6.2,3,24.9,19.9,1,3.2
55,5,1,5,13,5,1,1,1,1,1,1,1,1,2,6,4,5,5,5,666,7,5,4,4,5,25,1,6,2,2,5,2,20,1,2,1,1,1,3.5,1,1,1,1,1,1,1,1,8,5,5,,7,6,5,4,4,5,4,5,5,5,5,5,25,,2,0
56,3,4,6,8,7,1,1,1,1,1,1,1,1,2,3,2,3,3,3,20,4,4,5,4,5,30,2,6,1,2,2,2,24,1,6,1,1,1,2,1,1,1,1,1,1,1,1,8,2.8,4.4,10,4,3,4,5,4,5,2,3,3,3,4.4,2.8,30,20,1,1.6
57,1,7,4,10,8,1,1,1,1,1,1,1,1,3,1,1,2,1,1,0,6,6,5,5,6,25,2,7,1,2,2,2,39,1,5,2,3,1,2,1,1,1,1,1,1,1,1,8,1.2,5.6,-25,1,6,1,2,1,1,6,5,5,6,1.2,5.6,0,25,2,-4.4
58,2,1,2,11,7,1,1,1,1,1,1,1,1,1,3,3,4,4,3,35,5,5,5,5,5,42,2,5,4,1,3,1,22,1,6,1,2,1,2,1,1,1,1,1,1,1,1,8,3.4,5,7,5,3,5,5,5,5,3,4,4,3,5,3.4,42,35,1,1.6
59,1,1,3,7,7,1,2,1,1,1,2,1,1,1,7,7,7,7,6,50,2,1,6,6,1,0,1,6,3,3,3,2,22,1,6,1,2,1,3,1,0,1,1,1,0,1,1,6,6.8,3.2,-50,2,7,1,6,6,1,7,7,7,6,3.2,6.8,0,50,2,-3.6
60,2,7,4,15,8,1,1,1,1,1,1,1,1,4,1,1,1,1,1,0,5,5,5,5,5,20,2,5,4,2,2,2,26,1,8,1,1,0,2,1,1,1,1,1,1,1,1,8,1,5,-20,1,5,1,1,1,1,5,5,5,5,1,5,0,20,2,-4
61,4,4,4,16,9,1,1,1,1,1,1,1,1,3,6,6,6,6,6,29.9,2,2,2,2,2,9.9,1,5,2,2,4,1,29,1,6,1,2,1,3,1,1,1,1,1,1,1,1,8,6,2,20,6,2,6,6,6,6,2,2,2,2,6,2,29.9,9.9,1,4
62,5,3,6,8,8,1,2,1,1,1,1,1,1,3,2,2,2,2,2,0,5,5,5,5,5,15,2,4,4,2,2,2,22,1,6,1,2,0,2,1,0,1,1,1,1,1,1,7,2,5,-15,2,5,2,2,2,2,5,5,5,5,2,5,0,15,2,-3
63,4,5,5,8,8,1,1,1,1,2,1,1,1,4,6,6,6,5,6,30,4,3,4,3,3,20,1,6,7,6,1,1,23,1,6,1,2,1,3.5,1,1,1,1,0,1,1,1,7,5.8,3.4,10,6,4,6,6,5,6,3,4,3,3,5.8,3.4,30,20,1,2.4
64,2,6,3,5,2,1,1,1,1,1,1,1,1,3,3,3,6,3,4,40,6,5,4,4,6,50,2,3,4,2,4,2,17,3,0,1,2,1,3,1,1,1,1,1,1,1,1,8,3.8,5,-10,3,6,3,6,3,4,5,4,4,6,3.8,5,40,50,2,-1.2
65,2,2,5,8,8,1,1,1,1,1,1,1,1,2,3,3,3,3,3,30,5,5,5,5,5,50,2,5,4,3,3,1,23,1,4,1,1,1,3,1,1,1,1,1,1,1,1,8,3,5,20,5,3,5,5,5,5,3,3,3,3,5,3,50,30,1,2
66,3,1,4,8,8,2,2,2,1,1,2,1,1,4,7,7,7,7,7,30,5,5,5,5,5,17,1,5,5,1,1,2,23,1,4,1,1,1,1,0,0,0,1,1,0,1,1,4,7,5,13,7,5,7,7,7,7,5,5,5,5,7,5,30,17,1,2
67,4,4,5,19,5,1,1,1,1,1,1,1,1,1,4,5,3,3,4,15,5,5,3,3,3,20,2,5,3,2,6,2,24,1,4,1,2,1,4,1,1,1,1,1,1,1,1,8,3.8,3.8,5,5,4,5,3,3,3,5,3,3,4,3.8,3.8,20,15,1,0
68,5,5,6,13,6,1,1,1,1,1,1,1,1,3,6,6,6,6,5,35,3,2,3,3,3,10,1,6,3,3,3,2,25,1,8,1,1,1,3,1,1,1,1,1,1,1,1,8,5.8,2.8,25,6,3,6,6,6,5,2,3,3,3,5.8,2.8,35,10,1,3
69,1,2,4,8,8,1,2,2,1,1,2,2,2,4,2,2,3,3,3,20,5,5,6,5,5,50,2,3,5,2,3,2,20,1,4,1,2,1,2.5,1,0,0,1,1,0,0,0,3,2.6,5.2,-30,2,5,2,3,3,3,5,6,5,5,2.6,5.2,20,50,2,-2.6
70,4,3,7,6,7,1,2,2,2,2,1,1,2,4,6,3,4,4,4,30,3,2,4,4,3,20,1,6,2,2,5,1,24,1,6,1,1,1,3.5,1,0,0,0,0,1,1,0,3,4.2,3.2,10,6,3,3,4,4,4,2,4,4,3,4.2,3.2,30,20,1,1
71,5,2,6,9,5,1,1,1,1,1,1,1,1,1,3,3,4,4,4,15,5,5,6,6,5,25,2,6,3,6,5,2,20,1,2,2,2,1,5.5,1,1,1,1,1,1,1,1,8,3.6,5.4,10,5,3,5,6,6,5,3,4,4,4,5.4,3.6,25,15,1,1.8
72,5,1,4,4,7,1,1,1,1,1,1,1,1,1,3,4,6,3,4,10,4,5,4,4,5,10,2,3,3,4,4,2,20,2,4,1,3,1,4,1,1,1,1,1,1,1,1,8,4,4.4,0,4,3,5,4,4,5,4,6,3,4,4.4,4,10,10,1,0.4
73,2,4,5,10,6,1,1,1,1,1,1,1,1,2,2,2,4,2,3,20,6,6,5,5,6,30,2,6,3,1,1,1,21,1,4,1,2,1,1,1,1,1,1,1,1,1,1,8,2.6,5.6,10,6,2,6,5,5,6,2,4,2,3,5.6,2.6,30,20,1,3
74,4,1,7,11,8,1,1,1,1,1,1,1,1,4,6,5,4,4,5,50,4,3,3,2,4,20,1,6,2,3,4,2,21,1,6,1,2,1,3.5,1,1,1,1,1,1,1,1,8,4.8,3.2,30,6,4,5,4,4,5,3,3,2,4,4.8,3.2,50,20,1,1.6
75,1,6,5,9,8,1,1,1,1,1,1,1,1,2,6,5,6,6,6,666,3,3,3,3,3,10,1,5,3,3,1,2,21,1,4,1,2,1,2,1,1,1,1,1,1,1,1,8,5.8,3,,3,6,3,3,3,3,5,6,6,6,3,5.8,10,,2,-2.8
76,1,2,5,7,7,1,2,1,1,1,1,1,1,4,5,4,4,4,4,25,5,4,3,3,4,20,1,6,2,1,1,2,22,1,4,1,1,1,1,1,0,1,1,1,1,1,1,7,4.2,3.8,5,5,5,4,4,4,4,4,3,3,4,4.2,3.8,25,20,1,0.4
77,2,4,4,11,7,1,1,1,1,1,1,1,1,3,6,5,6,6,7,19,3,4,3,2,3,10,1,6,3,3,2,1,20,1,2,1,2,1,2.5,1,1,1,1,1,1,1,1,8,6,3,9,6,3,5,6,6,7,4,3,2,3,6,3,19,10,1,3
78,4,3,5,6,7,1,1,1,1,1,1,1,1,3,5,6,6,5,6,20,4,3,5,4,3,10,1,6,2,4,5,2,21,1,6,1,1,1,4.5,1,1,1,1,1,1,1,1,8,5.6,3.8,10,5,4,6,6,5,6,3,5,4,3,5.6,3.8,20,10,1,1.8
79,4,3,5,12,9,2,2,2,1,1,2,2,1,1,7,6,5,5,6,60,3,2,1,1,2,20,1,5,3,4,4,2,22,1,4,1,2,1,4,0,0,0,1,1,0,0,1,3,5.8,1.8,-40,3,7,2,1,1,2,6,5,5,6,1.8,5.8,20,60,2,-4
80,5,5,4,10,8,2,2,1,1,2,2,1,1,4,5,5,5,4,5,15,4,3,4,3,4,10,1,6,2,2,2,1,24,1,4,1,2,1,2,0,0,1,1,0,0,1,1,4,4.8,3.6,5,5,4,5,5,4,5,3,4,3,4,4.8,3.6,15,10,1,1.2
81,2,3,2,4,8,1,1,1,1,1,1,1,1,2,5,5,4,4,5,50,3,3,4,4,2,30,1,6,2,4,4,1,21,1,4,2,1,1,4,1,1,1,1,1,1,1,1,8,4.6,3.2,-20,3,5,3,4,4,2,5,4,4,5,3.2,4.6,30,50,2,-1.4
82,2,2,4,6,7,2,2,2,2,2,2,1,1,1,4,4,3,4,3,30,6,5,5,5,5,40,2,5,3,2,2,2,23,1,6,2,2,1,2,0,0,0,0,0,0,1,1,2,3.6,5.2,10,6,4,5,5,5,5,4,3,4,3,5.2,3.6,40,30,1,1.6
83,3,2,3,8,10,1,2,1,1,1,1,1,1,3,5,6,6,5,6,30,3,3,3,3,4,20,1,5,4,2,2,1,28,1,6,1,1,1,2,1,0,1,1,1,1,1,1,7,5.6,3.2,10,5,3,6,6,5,6,3,3,3,4,5.6,3.2,30,20,1,2.4
84,5,1,6,6,6,1,1,1,1,1,1,1,1,3,6,6,5,5,6,25,3,2,3,3,2,15,1,6,2,2,3,1,22,1,4,1,2,1,2.5,1,1,1,1,1,1,1,1,8,5.6,2.6,10,6,3,6,5,5,6,2,3,3,2,5.6,2.6,25,15,1,3
85,2,1,5,9,8,1,1,1,1,1,2,2,1,1,7,7,7,6,6,40,3,4,4,3,4,25,1,7,2,1,1,2,18,1,2,1,2,1,1,1,1,1,1,1,0,0,1,6,6.6,3.6,-15,3,7,4,4,3,4,7,7,6,6,3.6,6.6,25,40,2,-3
86,3,2,4,9,7,2,1,2,1,1,1,2,1,4,5,5,5,4,5,20,3,3,4,4,4,13,1,6,2,4,3,2,20,1,4,1,2,1,3.5,0,1,0,1,1,1,0,1,5,4.8,3.6,7,5,3,5,5,4,5,3,4,4,4,4.8,3.6,20,13,1,1.2
87,4,1,5,14,10,1,1,1,1,1,1,1,1,3,2,1,1,1,2,5,5,5,6,4,5,40,2,6,1,3,3,2,22,2,8,1,2,1,3,1,1,1,1,1,1,1,1,8,1.4,5,-35,2,5,1,1,1,2,5,6,4,5,1.4,5,5,40,2,-3.6
88,1,3,5,10,5,1,1,1,1,1,1,1,1,3,2,2,3,3,3,20,5,4,3,3,3,20,2,4,4,4,3,2,21,1,4,1,2,1,3.5,1,1,1,1,1,1,1,1,8,2.6,3.6,0,2,5,2,3,3,3,4,3,3,3,2.6,3.6,20,20,2,-1
89,3,2,5,9,6,1,1,1,1,1,1,1,1,1,7,6,6,5,5,50,3,3,3,4,4,50,1,5,2,4,1,1,22,1,4,1,3,1,2.5,1,1,1,1,1,1,1,1,8,5.8,3.4,0,3,7,3,3,4,4,6,6,5,5,3.4,5.8,50,50,2,-2.4
90,3,1,4,8,9,1,1,1,1,1,1,1,1,3,2,2,3,3,3,20,3,3,3,4,3,20,2,7,1,2,2,2,21,1,4,1,2,1,2,1,1,1,1,1,1,1,1,8,2.6,3.2,0,2,3,2,3,3,3,3,3,4,3,2.6,3.2,20,20,2,-0.6
91,4,4,5,10,5,2,1,2,1,2,2,1,1,2,2,3,4,3,3,20,3,3,4,3,4,25,2,4,4,3,6,1,22,1,4,1,1,1,4.5,0,1,0,1,0,0,1,1,4,3,3.4,5,3,2,3,4,3,4,3,4,3,3,3.4,3,25,20,1,0.4
92,2,5,6,15,8,1,1,1,1,1,1,1,1,3,6,5,5,5,5,30,6,6,5,5,5,30,2,5,6,4,4,2,17,3,0,1,2,1,4,1,1,1,1,1,1,1,1,8,5.2,5.4,0,6,6,5,5,5,5,6,5,5,5,5.2,5.4,30,30,2,-0.2
93,4,1,6,14,8,2,2,1,2,1,2,1,1,1,7,5,5,6,6,30,1,1,1,1,2,0,1,7,1,2,2,2,48,1,8,1,1,1,2,0,0,1,0,1,0,1,1,4,5.8,1.2,-30,1,7,1,1,1,2,5,5,6,6,1.2,5.8,0,30,2,-4.6
94,3,3,5,10,6,1,1,1,1,1,1,1,1,1,2,1,2,3,3,15,6,6,5,4,6,20,2,6,2,1,2,1,23,1,6,1,1,1,1.5,1,1,1,1,1,1,1,1,8,2.2,5.4,5,6,2,6,5,4,6,1,2,3,3,5.4,2.2,20,15,1,3.2
95,3,2,5,9,7,1,1,1,1,1,1,1,1,4,1,1,4,3,2,15,6,6,6,6,6,40,2,5,5,1,1,2,21,1,4,1,2,1,1,1,1,1,1,1,1,1,1,8,2.2,6,-25,1,6,1,4,3,2,6,6,6,6,2.2,6,15,40,2,-3.8
96,5,5,6,13,7,1,1,1,1,1,1,1,1,3,1,1,3,2,2,666,5,6,6,6,6,30,2,6,3,5,3,2,20,1,3,1,1,0,4,1,1,1,1,1,1,1,1,8,1.8,5.8,,1,5,1,3,2,2,6,6,6,6,1.8,5.8,,30,2,-4
97,5,3,2,9,6,1,1,1,1,1,1,1,1,1,2,2,4,3,3,15,6,6,6,6,7,30,2,6,2,7,3,2,20,1,4,1,2,1,5,1,1,1,1,1,1,1,1,8,2.8,6.2,15,6,2,6,6,6,7,2,4,3,3,6.2,2.8,30,15,1,3.4
98,3,1,6,11,8,1,1,1,1,1,1,1,1,3,7,7,7,7,7,30,3,3,4,3,4,20,1,6,2,1,2,2,22,1,6,1,1,1,1.5,1,1,1,1,1,1,1,1,8,7,3.4,10,7,3,7,7,7,7,3,4,3,4,7,3.4,30,20,1,3.6
99,4,3,5,19,7,2,1,2,1,2,1,2,1,1,4,5,4,4,5,10,5,4,5,5,5,15,2,5,2,3,2,2,22,1,6,1,2,1,2.5,0,1,0,1,0,1,0,1,4,4.4,4.8,5,5,4,4,5,5,5,5,4,4,5,4.8,4.4,15,10,1,0.4
100,5,1,6,6,7,1,1,1,1,1,1,1,1,1,3,2,2,2,4,10,5,5,4,4,6,15,2,5,3,3,4,2,23,2,6,1,2,1,3.5,1,1,1,1,1,1,1,1,8,2.6,4.8,5,5,3,5,4,4,6,2,2,2,4,4.8,2.6,15,10,1,2.2
